ID,Description,GeneRatio,BgRatio,pvalue,p.adjust,qvalue,geneID,Count
mmu04911,Insulin secretion,7/104,86/9015,5.65079545271851e-05,0.0123752420414535,0.0110636626758489,Kcnmb2/Kcnn3/Creb5/Rapgef4/Creb3l2/Snap25/Adcy1,7
mmu04024,cAMP signaling pathway,10/104,220/9015,0.000215070512469158,0.0235502211153728,0.021054271220665,Cftr/Atp2a3/Creb5/Rapgef4/Tiam1/Creb3l2/Sox9/Atp2b2/Crebbp/Adcy1,10
