ID,Description,GeneRatio,BgRatio,pvalue,p.adjust,qvalue,geneID,Count
mmu04911,Insulin secretion,7/104,86/9030,5.59233901680311e-05,0.0122472224467988,0.0108903444011429,Kcnmb2/Kcnn3/Creb5/Rapgef4/Creb3l2/Snap25/Adcy1,7
mmu04024,cAMP signaling pathway,10/104,220/9030,0.000212232442985629,0.0232394525069264,0.0206647378696534,Cftr/Atp2a3/Creb5/Rapgef4/Tiam1/Creb3l2/Sox9/Atp2b2/Crebbp/Adcy1,10
