ID,Description,GeneRatio,BgRatio,pvalue,p.adjust,qvalue,geneID,Count
mmu04911,Insulin secretion,7/104,86/9011,5.66650134654635e-05,0.0124096379489365,0.0110944131627118,Kcnmb2/Kcnn3/Creb5/Rapgef4/Creb3l2/Snap25/Adcy1,7
mmu04024,cAMP signaling pathway,10/104,220/9011,0.000215834320944201,0.02363385814339,0.0211290440503271,Cftr/Atp2a3/Creb5/Rapgef4/Tiam1/Creb3l2/Sox9/Atp2b2/Crebbp/Adcy1,10
